{
  "timestamp": "20260130_121506",
  "initial_pose": {
    "x": 0.0042573056794984005,
    "y": -0.0010469158127558767,
    "z": 0.009542592692415164,
    "qx": 0.00261708556568673,
    "qy": 0.00013693934477708255,
    "qz": 2.3244154388138507e-05,
    "qw": 0.9999965657793366,
    "timestamp": 1651170520.112001
  },
  "final_pose": {
    "x": 45.44246476621498,
    "y": -13.97524744890345,
    "z": -1.3041064144578787,
    "qx": 0.01363864820961516,
    "qy": -0.00020266402364595978,
    "qz": 0.3517993452482494,
    "qw": 0.9359760503801259,
    "timestamp": 1651170815.4640436
  }
}