{
  "timestamp": "20260129_144906",
  "initial_pose": {
    "x": 0.06707257814695193,
    "y": -0.0008685406038887599,
    "z": 0.0030245961949568866,
    "qx": 0.0005226403380336095,
    "qy": 0.0011024881538445241,
    "qz": -0.0019054022097070994,
    "qw": 0.9999974404014077,
    "timestamp": 1651171057.1049845
  },
  "final_pose": {
    "x": 5.808328587352903,
    "y": 1.1217520549827558,
    "z": -0.19427302478705638,
    "qx": 0.014531334683313628,
    "qy": -0.0023499365433705863,
    "qz": 0.44504115312281056,
    "qw": 0.8953891277750035,
    "timestamp": 1651171069.505023
  }
}