{
  "timestamp": "20260130_080908",
  "initial_pose": {
    "x": 0.060823609581659985,
    "y": -0.0007366228688778101,
    "z": -0.026834733759559654,
    "qx": 0.0024841644826305597,
    "qy": 0.0020174782442836004,
    "qz": -0.0027534882021926555,
    "qw": 0.9999910884658311,
    "timestamp": 1651171057.0050051
  },
  "final_pose": {
    "x": 11.909970548720743,
    "y": 23.648970662313655,
    "z": -0.2489010392902597,
    "qx": 0.020956438590648045,
    "qy": 0.0005557953677022633,
    "qz": 0.4877747706924439,
    "qw": 0.8727177618503207,
    "timestamp": 1651171134.6049433
  }
}